[
  {
    "timestamp": "2025-07-02T13:16:15.716573",
    "original": "C:\\Projects\\Tuokit\\pages\\code_tools.py",
    "backup": "C:\\Projects\\Tuokit\\backups\\enhanced_scanner\\code_tools_20250702_131601.py"
  },
  {
    "timestamp": "2025-07-02T13:16:43.936742",
    "original": "C:\\Projects\\Tuokit\\pages\\doc_tools.py",
    "backup": "C:\\Projects\\Tuokit\\backups\\enhanced_scanner\\doc_tools_20250702_131601.py"
  },
  {
    "timestamp": "2025-07-02T13:17:09.908750",
    "original": "C:\\Projects\\Tuokit\\pages\\knowledge_lib.py",
    "backup": "C:\\Projects\\Tuokit\\backups\\enhanced_scanner\\knowledge_lib_20250702_131601.py"
  },
  {
    "timestamp": "2025-07-02T13:17:40.463239",
    "original": "C:\\Projects\\Tuokit\\pages\\sql_suite.py",
    "backup": "C:\\Projects\\Tuokit\\backups\\enhanced_scanner\\sql_suite_20250702_131601.py"
  },
  {
    "timestamp": "2025-07-02T13:18:14.593242",
    "original": "C:\\Projects\\Tuokit\\pages\\edu_mind.py",
    "backup": "C:\\Projects\\Tuokit\\backups\\enhanced_scanner\\edu_mind_20250702_131601.py"
  },
  {
    "timestamp": "2025-07-02T13:18:37.596036",
    "original": "C:\\Projects\\Tuokit\\pages\\edu_mind.py",
    "backup": "C:\\Projects\\Tuokit\\backups\\enhanced_scanner\\edu_mind_20250702_131601.py"
  },
  {
    "timestamp": "2025-07-02T13:26:08.577763",
    "original": "C:\\Projects\\Tuokit\\pages\\code_tools.py",
    "backup": "C:\\Projects\\Tuokit\\backups\\enhanced_scanner\\code_tools_20250702_131601.py"
  },
  {
    "timestamp": "2025-07-02T13:28:02.233364",
    "original": "C:\\Projects\\Tuokit\\pages\\knowledge_lib.py",
    "backup": "C:\\Projects\\Tuokit\\backups\\enhanced_scanner\\knowledge_lib_20250702_131601.py"
  },
  {
    "timestamp": "2025-07-02T13:29:33.138709",
    "original": "C:\\Projects\\Tuokit\\pages\\sql_suite.py",
    "backup": "C:\\Projects\\Tuokit\\backups\\enhanced_scanner\\sql_suite_20250702_131601.py"
  }
]