[
  {
    "timestamp": "2025-07-02T13:04:56.984506",
    "original": "C:\\Projects\\Tuokit\\pages\\code_tools.py",
    "backup": "C:\\Projects\\Tuokit\\backups\\enhanced_scanner\\code_tools_20250702_130447.py"
  },
  {
    "timestamp": "2025-07-02T13:05:09.630610",
    "original": "C:\\Projects\\Tuokit\\pages\\knowledge_lib.py",
    "backup": "C:\\Projects\\Tuokit\\backups\\enhanced_scanner\\knowledge_lib_20250702_130447.py"
  },
  {
    "timestamp": "2025-07-02T13:05:18.736900",
    "original": "C:\\Projects\\Tuokit\\pages\\sql_suite.py",
    "backup": "C:\\Projects\\Tuokit\\backups\\enhanced_scanner\\sql_suite_20250702_130447.py"
  },
  {
    "timestamp": "2025-07-02T13:05:29.220064",
    "original": "C:\\Projects\\Tuokit\\utils\\component_utils.py",
    "backup": "C:\\Projects\\Tuokit\\backups\\enhanced_scanner\\component_utils_20250702_130447.py"
  },
  {
    "timestamp": "2025-07-02T13:05:42.703245",
    "original": "C:\\Projects\\Tuokit\\utils\\component_utils.py",
    "backup": "C:\\Projects\\Tuokit\\backups\\enhanced_scanner\\component_utils_20250702_130447.py"
  },
  {
    "timestamp": "2025-07-02T13:05:46.340459",
    "original": "C:\\Projects\\Tuokit\\pages\\doc_tools.py",
    "backup": "C:\\Projects\\Tuokit\\backups\\enhanced_scanner\\doc_tools_20250702_130447.py"
  },
  {
    "timestamp": "2025-07-02T13:05:53.836202",
    "original": "C:\\Projects\\Tuokit\\utils\\component_utils.py",
    "backup": "C:\\Projects\\Tuokit\\backups\\enhanced_scanner\\component_utils_20250702_130447.py"
  },
  {
    "timestamp": "2025-07-02T13:06:54.258807",
    "original": "C:\\Projects\\Tuokit\\pages\\code_tools.py",
    "backup": "C:\\Projects\\Tuokit\\backups\\enhanced_scanner\\code_tools_20250702_130447.py"
  },
  {
    "timestamp": "2025-07-02T13:06:59.972074",
    "original": "C:\\Projects\\Tuokit\\pages\\doc_tools.py",
    "backup": "C:\\Projects\\Tuokit\\backups\\enhanced_scanner\\doc_tools_20250702_130447.py"
  },
  {
    "timestamp": "2025-07-02T13:07:04.713908",
    "original": "C:\\Projects\\Tuokit\\pages\\knowledge_lib.py",
    "backup": "C:\\Projects\\Tuokit\\backups\\enhanced_scanner\\knowledge_lib_20250702_130447.py"
  },
  {
    "timestamp": "2025-07-02T13:07:09.343002",
    "original": "C:\\Projects\\Tuokit\\pages\\sql_suite.py",
    "backup": "C:\\Projects\\Tuokit\\backups\\enhanced_scanner\\sql_suite_20250702_130447.py"
  },
  {
    "timestamp": "2025-07-02T13:07:15.064023",
    "original": "C:\\Projects\\Tuokit\\pages\\knowledge_lib.py",
    "backup": "C:\\Projects\\Tuokit\\backups\\enhanced_scanner\\knowledge_lib_20250702_130447.py"
  }
]