[
  {
    "timestamp": "2025-07-02T12:57:48.764765",
    "original": "C:\\Projects\\Tuokit\\pages\\code_tools.py",
    "backup": "C:\\Projects\\Tuokit\\backups\\enhanced_scanner\\code_tools_20250702_125738.py"
  },
  {
    "timestamp": "2025-07-02T12:59:05.642613",
    "original": "C:\\Projects\\Tuokit\\pages\\sql_suite.py",
    "backup": "C:\\Projects\\Tuokit\\backups\\enhanced_scanner\\sql_suite_20250702_125738.py"
  },
  {
    "timestamp": "2025-07-02T12:59:57.887875",
    "original": "C:\\Projects\\Tuokit\\pages\\code_tools.py",
    "backup": "C:\\Projects\\Tuokit\\backups\\enhanced_scanner\\code_tools_20250702_125738.py"
  }
]