{
  "scan_date": "2025-07-02T11:43:58.515134",
  "project_path": "C:\\Projects\\Tuokit",
  "health_score": 87.9,
  "metrics": {
    "total_files": 101,
    "total_lines": 26592,
    "syntax_errors": 5,
    "god_objects": 0,
    "long_functions": 60,
    "technical_debt": 74
  },
  "top_issues": [
    {
      "severity": "CRITICAL",
      "type": "Syntax Error",
      "file": "app.py",
      "details": "Line 136: invalid syntax"
    },
    {
      "severity": "CRITICAL",
      "type": "Syntax Error",
      "file": "code_tools.py",
      "details": "Line 99: invalid syntax"
    },
    {
      "severity": "CRITICAL",
      "type": "Syntax Error",
      "file": "doc_tools.py",
      "details": "Line 32: invalid syntax"
    },
    {
      "severity": "CRITICAL",
      "type": "Syntax Error",
      "file": "knowledge_lib.py",
      "details": "Line 33: invalid syntax"
    },
    {
      "severity": "CRITICAL",
      "type": "Syntax Error",
      "file": "component_utils.py",
      "details": "Line 34: unterminated string literal (detected at line 34)"
    },
    {
      "severity": "MEDIUM",
      "type": "Long Function",
      "file": "integrate_agent_lite.py",
      "details": "show_integration_steps() is 91 lines"
    },
    {
      "severity": "MEDIUM",
      "type": "Long Function",
      "file": "test_knowledge_graph.py",
      "details": "test_knowledge_graph() is 71 lines"
    },
    {
      "severity": "MEDIUM",
      "type": "Long Function",
      "file": "test_sql_optimizer.py",
      "details": "test_sql_optimizer() is 61 lines"
    }
  ],
  "issues": {
    "technical_debt": [
      {
        "file": "C:\\Projects\\Tuokit\\agent_system.py",
        "line": 63,
        "type": "bare_except",
        "content": "except:"
      },
      {
        "file": "C:\\Projects\\Tuokit\\team_agent.py",
        "line": 41,
        "type": "bare_except",
        "content": "except:"
      },
      {
        "file": "C:\\Projects\\Tuokit\\tuokit_mockup.py",
        "line": 60,
        "type": "bare_except",
        "content": "except:"
      },
      {
        "file": "C:\\Projects\\Tuokit\\tuokit_mockup.py",
        "line": 407,
        "type": "todo",
        "content": "# TODO: Add vector search when document volume increases"
      },
      {
        "file": "C:\\Projects\\Tuokit\\tuokit_mockup.py",
        "line": 408,
        "type": "todo",
        "content": "# TODO: Implement session memory for multi-turn conversations"
      },
      {
        "file": "C:\\Projects\\Tuokit\\tuokit_mockup.py",
        "line": 409,
        "type": "todo",
        "content": "# TODO: Add PostgreSQL option for production deployment"
      },
      {
        "file": "C:\\Projects\\Tuokit\\utils_old.py",
        "line": 239,
        "type": "bare_except",
        "content": "except:"
      },
      {
        "file": "C:\\Projects\\Tuokit\\pages\\agent_lite.py",
        "line": 114,
        "type": "bare_except",
        "content": "except:"
      },
      {
        "file": "C:\\Projects\\Tuokit\\pages\\crash_analyzer.py",
        "line": 76,
        "type": "bare_except",
        "content": "except:"
      },
      {
        "file": "C:\\Projects\\Tuokit\\pages\\crash_analyzer.py",
        "line": 517,
        "type": "bare_except",
        "content": "except:"
      },
      {
        "file": "C:\\Projects\\Tuokit\\pages\\crash_analyzer.py",
        "line": 570,
        "type": "todo",
        "content": "# TODO: Add crash pattern recognition across multiple dumps"
      },
      {
        "file": "C:\\Projects\\Tuokit\\pages\\crash_analyzer.py",
        "line": 571,
        "type": "todo",
        "content": "# TODO: Implement similarity search for finding related crashes"
      },
      {
        "file": "C:\\Projects\\Tuokit\\pages\\crash_analyzer.py",
        "line": 572,
        "type": "todo",
        "content": "# TODO: Add export functionality for management reports"
      },
      {
        "file": "C:\\Projects\\Tuokit\\pages\\crash_analyzer.py",
        "line": 573,
        "type": "todo",
        "content": "# TODO: Create crash statistics dashboard"
      },
      {
        "file": "C:\\Projects\\Tuokit\\pages\\edu_mind.py",
        "line": 65,
        "type": "bare_except",
        "content": "except:"
      },
      {
        "file": "C:\\Projects\\Tuokit\\pages\\edu_mind.py",
        "line": 261,
        "type": "todo",
        "content": "# TODO: Add collaborative features for study groups"
      },
      {
        "file": "C:\\Projects\\Tuokit\\pages\\edu_mind.py",
        "line": 262,
        "type": "todo",
        "content": "# TODO: Implement progress tracking across sessions"
      },
      {
        "file": "C:\\Projects\\Tuokit\\pages\\edu_mind.py",
        "line": 263,
        "type": "todo",
        "content": "# TODO: Add voice input/output for accessibility"
      },
      {
        "file": "C:\\Projects\\Tuokit\\pages\\edu_mind.py",
        "line": 264,
        "type": "todo",
        "content": "# TODO: Create mobile-responsive layout"
      },
      {
        "file": "C:\\Projects\\Tuokit\\pages\\edu_mind.py",
        "line": 265,
        "type": "todo",
        "content": "# TODO: Add gamification elements for engagement"
      },
      {
        "file": "C:\\Projects\\Tuokit\\pages\\error_tool.py",
        "line": 312,
        "type": "bare_except",
        "content": "except:"
      },
      {
        "file": "C:\\Projects\\Tuokit\\pages\\error_tool.py",
        "line": 403,
        "type": "bare_except",
        "content": "except:"
      },
      {
        "file": "C:\\Projects\\Tuokit\\pages\\help_guide.py",
        "line": 134,
        "type": "todo",
        "content": "# TODO: Explain the time complexity"
      },
      {
        "file": "C:\\Projects\\Tuokit\\pages\\onboarding_wizard.py",
        "line": 79,
        "type": "bare_except",
        "content": "except:"
      },
      {
        "file": "C:\\Projects\\Tuokit\\pages\\smalltalk_snippets.py",
        "line": 164,
        "type": "bare_except",
        "content": "except:"
      },
      {
        "file": "C:\\Projects\\Tuokit\\pages\\smalltalk_snippets.py",
        "line": 440,
        "type": "bare_except",
        "content": "except:"
      },
      {
        "file": "C:\\Projects\\Tuokit\\pages\\sql_generator.py",
        "line": 154,
        "type": "bare_except",
        "content": "except:"
      },
      {
        "file": "C:\\Projects\\Tuokit\\pages\\study_guide_generator.py",
        "line": 506,
        "type": "todo",
        "content": "# TODO: Add NLTK integration for better concept extraction"
      },
      {
        "file": "C:\\Projects\\Tuokit\\pages\\study_guide_generator.py",
        "line": 507,
        "type": "todo",
        "content": "# TODO: Implement spaced repetition scheduling for flashcards"
      },
      {
        "file": "C:\\Projects\\Tuokit\\pages\\study_guide_generator.py",
        "line": 508,
        "type": "todo",
        "content": "# TODO: Add PDF export with proper formatting"
      },
      {
        "file": "C:\\Projects\\Tuokit\\pages\\study_guide_generator.py",
        "line": 509,
        "type": "todo",
        "content": "# TODO: Create Anki deck export functionality"
      },
      {
        "file": "C:\\Projects\\Tuokit\\pages\\study_guide_generator.py",
        "line": 510,
        "type": "todo",
        "content": "# TODO: Add progress tracking for study sessions"
      },
      {
        "file": "C:\\Projects\\Tuokit\\tests\\test_sql_suite.py",
        "line": 146,
        "type": "bare_except",
        "content": "except:"
      },
      {
        "file": "C:\\Projects\\Tuokit\\tools\\code_fix_engine.py",
        "line": 38,
        "type": "bare_except",
        "content": "if 'except:' in line:"
      },
      {
        "file": "C:\\Projects\\Tuokit\\tools\\code_fix_engine.py",
        "line": 39,
        "type": "bare_except",
        "content": "lines[line_number - 1] = line.replace('except:', 'except Exception:')"
      },
      {
        "file": "C:\\Projects\\Tuokit\\tools\\code_fix_engine.py",
        "line": 208,
        "type": "todo",
        "content": "# TODO: Add more sophisticated AST-based refactoring"
      },
      {
        "file": "C:\\Projects\\Tuokit\\tools\\code_fix_engine.py",
        "line": 209,
        "type": "todo",
        "content": "# TODO: Implement dead code removal"
      },
      {
        "file": "C:\\Projects\\Tuokit\\tools\\code_fix_engine.py",
        "line": 210,
        "type": "todo",
        "content": "# TODO: Add automatic docstring generation"
      },
      {
        "file": "C:\\Projects\\Tuokit\\tools\\code_health_scanner.py",
        "line": 111,
        "type": "bare_except",
        "content": "except:"
      },
      {
        "file": "C:\\Projects\\Tuokit\\tools\\code_health_scanner.py",
        "line": 155,
        "type": "bare_except",
        "content": "except:"
      },
      {
        "file": "C:\\Projects\\Tuokit\\tools\\code_health_scanner.py",
        "line": 177,
        "type": "bare_except",
        "content": "'old': 'except:',"
      },
      {
        "file": "C:\\Projects\\Tuokit\\tools\\code_health_scanner.py",
        "line": 336,
        "type": "todo",
        "content": "# TODO: Add more sophisticated duplicate code detection"
      },
      {
        "file": "C:\\Projects\\Tuokit\\tools\\code_health_scanner.py",
        "line": 337,
        "type": "todo",
        "content": "# TODO: Implement cyclomatic complexity analysis"
      },
      {
        "file": "C:\\Projects\\Tuokit\\tools\\code_health_scanner.py",
        "line": 338,
        "type": "todo",
        "content": "# TODO: Add import optimization suggestions"
      },
      {
        "file": "C:\\Projects\\Tuokit\\tools\\code_health_scanner.py",
        "line": 339,
        "type": "todo",
        "content": "# TODO: Integration with pylint/flake8 for deeper analysis"
      },
      {
        "file": "C:\\Projects\\Tuokit\\tools\\deep_code_analyzer.py",
        "line": 69,
        "type": "bare_except",
        "content": "except:"
      },
      {
        "file": "C:\\Projects\\Tuokit\\tools\\deep_code_analyzer.py",
        "line": 245,
        "type": "todo",
        "content": "# TODO: Add test coverage analysis"
      },
      {
        "file": "C:\\Projects\\Tuokit\\tools\\deep_code_analyzer.py",
        "line": 246,
        "type": "todo",
        "content": "# TODO: Implement documentation coverage metrics"
      },
      {
        "file": "C:\\Projects\\Tuokit\\tools\\deep_code_analyzer.py",
        "line": 247,
        "type": "todo",
        "content": "# TODO: Add security vulnerability detection"
      },
      {
        "file": "C:\\Projects\\Tuokit\\tools\\deep_code_analyzer.py",
        "line": 248,
        "type": "todo",
        "content": "# TODO: Performance profiling integration"
      },
      {
        "file": "C:\\Projects\\Tuokit\\tools\\integrated_code_scanner.py",
        "line": 386,
        "type": "todo",
        "content": "# TODO: Add historical tracking"
      },
      {
        "file": "C:\\Projects\\Tuokit\\tools\\integrated_code_scanner.py",
        "line": 387,
        "type": "todo",
        "content": "# TODO: Integrate with CI/CD webhooks"
      },
      {
        "file": "C:\\Projects\\Tuokit\\tools\\integrated_code_scanner.py",
        "line": 388,
        "type": "todo",
        "content": "# TODO: Add team collaboration features"
      },
      {
        "file": "C:\\Projects\\Tuokit\\tools\\integrated_code_scanner.py",
        "line": 389,
        "type": "todo",
        "content": "# TODO: Machine learning for pattern detection"
      },
      {
        "file": "C:\\Projects\\Tuokit\\tools\\standalone_scanner.py",
        "line": 69,
        "type": "bare_except",
        "content": "except:"
      },
      {
        "file": "C:\\Projects\\Tuokit\\tools\\standalone_scanner.py",
        "line": 135,
        "type": "bare_except",
        "content": "except:"
      },
      {
        "file": "C:\\Projects\\Tuokit\\utils\\content_validator.py",
        "line": 160,
        "type": "todo",
        "content": "# TODO: Add citation extraction for academic sources"
      },
      {
        "file": "C:\\Projects\\Tuokit\\utils\\content_validator.py",
        "line": 161,
        "type": "todo",
        "content": "# TODO: Implement fact database for common knowledge verification"
      },
      {
        "file": "C:\\Projects\\Tuokit\\utils\\content_validator.py",
        "line": 162,
        "type": "todo",
        "content": "# TODO: Add support for mathematical formula validation"
      },
      {
        "file": "C:\\Projects\\Tuokit\\utils\\content_validator.py",
        "line": 163,
        "type": "todo",
        "content": "# TODO: Create accuracy improvement suggestions"
      },
      {
        "file": "C:\\Projects\\Tuokit\\utils\\database.py",
        "line": 113,
        "type": "todo",
        "content": "# TODO: Add tags support when tags table is available"
      },
      {
        "file": "C:\\Projects\\Tuokit\\utils\\file_handler.py",
        "line": 166,
        "type": "todo",
        "content": "# TODO: Add support for more formats (RTF, ODT, etc.)"
      },
      {
        "file": "C:\\Projects\\Tuokit\\utils\\file_handler.py",
        "line": 167,
        "type": "todo",
        "content": "# TODO: Implement OCR for scanned PDFs using pytesseract"
      },
      {
        "file": "C:\\Projects\\Tuokit\\utils\\file_handler.py",
        "line": 168,
        "type": "todo",
        "content": "# TODO: Add language detection for better text processing"
      },
      {
        "file": "C:\\Projects\\Tuokit\\utils\\help.py",
        "line": 79,
        "type": "bare_except",
        "content": "except:"
      },
      {
        "file": "C:\\Projects\\Tuokit\\utils\\kata_utils.py",
        "line": 158,
        "type": "todo",
        "content": "# TODO: Implement your solution"
      },
      {
        "file": "C:\\Projects\\Tuokit\\utils\\kata_utils.py",
        "line": 168,
        "type": "todo",
        "content": "# TODO: Define attributes"
      },
      {
        "file": "C:\\Projects\\Tuokit\\utils\\kata_utils.py",
        "line": 171,
        "type": "todo",
        "content": "# TODO: Initialize state"
      },
      {
        "file": "C:\\Projects\\Tuokit\\utils\\kata_utils.py",
        "line": 174,
        "type": "todo",
        "content": "# TODO: Implement methods"
      },
      {
        "file": "C:\\Projects\\Tuokit\\utils\\kata_utils.py",
        "line": 183,
        "type": "todo",
        "content": "# TODO: Implement class methods"
      },
      {
        "file": "C:\\Projects\\Tuokit\\utils\\kata_utils.py",
        "line": 186,
        "type": "todo",
        "content": "# TODO: Implement instance methods"
      },
      {
        "file": "C:\\Projects\\Tuokit\\utils\\ollama.py",
        "line": 29,
        "type": "bare_except",
        "content": "except:"
      },
      {
        "file": "C:\\Projects\\Tuokit\\utils\\ollama.py",
        "line": 77,
        "type": "bare_except",
        "content": "except:"
      },
      {
        "file": "C:\\Projects\\Tuokit\\utils\\sql_tools.py",
        "line": 163,
        "type": "todo",
        "content": "# TODO: Remove legacy wrappers after updating all pages"
      }
    ],
    "syntax_errors": [
      {
        "file": "C:\\Projects\\Tuokit\\app.py",
        "error": "Line 136: invalid syntax",
        "line": 136
      },
      {
        "file": "C:\\Projects\\Tuokit\\pages\\code_tools.py",
        "error": "Line 99: invalid syntax",
        "line": 99
      },
      {
        "file": "C:\\Projects\\Tuokit\\pages\\doc_tools.py",
        "error": "Line 32: invalid syntax",
        "line": 32
      },
      {
        "file": "C:\\Projects\\Tuokit\\pages\\knowledge_lib.py",
        "error": "Line 33: invalid syntax",
        "line": 33
      },
      {
        "file": "C:\\Projects\\Tuokit\\utils\\component_utils.py",
        "error": "Line 34: unterminated string literal (detected at line 34)",
        "line": 34
      }
    ],
    "long_functions": [
      {
        "file": "C:\\Projects\\Tuokit\\integrate_agent_lite.py",
        "function": "show_integration_steps",
        "lines": 91,
        "start_line": 7
      },
      {
        "file": "C:\\Projects\\Tuokit\\test_knowledge_graph.py",
        "function": "test_knowledge_graph",
        "lines": 71,
        "start_line": 12
      },
      {
        "file": "C:\\Projects\\Tuokit\\test_sql_optimizer.py",
        "function": "test_sql_optimizer",
        "lines": 61,
        "start_line": 12
      },
      {
        "file": "C:\\Projects\\Tuokit\\tuokit_tool_examples.py",
        "function": "sql_generator_interface",
        "lines": 71,
        "start_line": 8
      },
      {
        "file": "C:\\Projects\\Tuokit\\tuokit_tool_examples.py",
        "function": "error_decoder_interface",
        "lines": 79,
        "start_line": 82
      },
      {
        "file": "C:\\Projects\\Tuokit\\tuokit_tool_examples.py",
        "function": "study_guide_interface",
        "lines": 53,
        "start_line": 164
      },
      {
        "file": "C:\\Projects\\Tuokit\\verify_cleanup.py",
        "function": "verify_cleanup",
        "lines": 56,
        "start_line": 7
      },
      {
        "file": "C:\\Projects\\Tuokit\\verify_error_decoder.py",
        "function": "main",
        "lines": 70,
        "start_line": 44
      },
      {
        "file": "C:\\Projects\\Tuokit\\docs\\smalltalk_rails_integration_example.py",
        "function": "show_integration_example",
        "lines": 157,
        "start_line": 8
      },
      {
        "file": "C:\\Projects\\Tuokit\\pages\\agent_lite.py",
        "function": "run_pipeline",
        "lines": 74,
        "start_line": 8
      },
      {
        "file": "C:\\Projects\\Tuokit\\pages\\crash_analyzer.py",
        "function": "show",
        "lines": 293,
        "start_line": 275
      },
      {
        "file": "C:\\Projects\\Tuokit\\pages\\edu_mind.py",
        "function": "main",
        "lines": 164,
        "start_line": 69
      },
      {
        "file": "C:\\Projects\\Tuokit\\pages\\error_tool.py",
        "function": "parse_error_message",
        "lines": 82,
        "start_line": 125
      },
      {
        "file": "C:\\Projects\\Tuokit\\pages\\error_tool.py",
        "function": "show_educational_layer",
        "lines": 63,
        "start_line": 321
      },
      {
        "file": "C:\\Projects\\Tuokit\\pages\\image_browser.py",
        "function": "show",
        "lines": 496,
        "start_line": 98
      },
      {
        "file": "C:\\Projects\\Tuokit\\pages\\morphic_builder.py",
        "function": "show",
        "lines": 343,
        "start_line": 75
      },
      {
        "file": "C:\\Projects\\Tuokit\\pages\\rails_controller_gen.py",
        "function": "show",
        "lines": 432,
        "start_line": 91
      },
      {
        "file": "C:\\Projects\\Tuokit\\pages\\rails_debugger.py",
        "function": "show",
        "lines": 353,
        "start_line": 183
      },
      {
        "file": "C:\\Projects\\Tuokit\\pages\\rails_graphql.py",
        "function": "show",
        "lines": 190,
        "start_line": 29
      },
      {
        "file": "C:\\Projects\\Tuokit\\pages\\rails_model_gen.py",
        "function": "show",
        "lines": 391,
        "start_line": 85
      },
      {
        "file": "C:\\Projects\\Tuokit\\pages\\rails_scaffold.py",
        "function": "show",
        "lines": 296,
        "start_line": 70
      },
      {
        "file": "C:\\Projects\\Tuokit\\pages\\rails_system_tests.py",
        "function": "show",
        "lines": 76,
        "start_line": 22
      },
      {
        "file": "C:\\Projects\\Tuokit\\pages\\rails_upgrader.py",
        "function": "show",
        "lines": 219,
        "start_line": 37
      },
      {
        "file": "C:\\Projects\\Tuokit\\pages\\rspec_generator.py",
        "function": "show",
        "lines": 563,
        "start_line": 138
      },
      {
        "file": "C:\\Projects\\Tuokit\\pages\\ruby_c_extensions.py",
        "function": "show",
        "lines": 250,
        "start_line": 29
      },
      {
        "file": "C:\\Projects\\Tuokit\\pages\\ruby_katas.py",
        "function": "show",
        "lines": 235,
        "start_line": 45
      },
      {
        "file": "C:\\Projects\\Tuokit\\pages\\ruby_memory_optimizer.py",
        "function": "show",
        "lines": 150,
        "start_line": 62
      },
      {
        "file": "C:\\Projects\\Tuokit\\pages\\ruby_pattern_matching.py",
        "function": "show",
        "lines": 99,
        "start_line": 34
      },
      {
        "file": "C:\\Projects\\Tuokit\\pages\\ruby_profiler.py",
        "function": "show",
        "lines": 70,
        "start_line": 51
      },
      {
        "file": "C:\\Projects\\Tuokit\\pages\\ruby_ractors.py",
        "function": "show",
        "lines": 128,
        "start_line": 50
      },
      {
        "file": "C:\\Projects\\Tuokit\\pages\\seaside_generator.py",
        "function": "show",
        "lines": 379,
        "start_line": 80
      },
      {
        "file": "C:\\Projects\\Tuokit\\pages\\smalltalk_class_gen.py",
        "function": "show",
        "lines": 240,
        "start_line": 82
      },
      {
        "file": "C:\\Projects\\Tuokit\\pages\\smalltalk_explainer.py",
        "function": "show",
        "lines": 207,
        "start_line": 60
      },
      {
        "file": "C:\\Projects\\Tuokit\\pages\\smalltalk_meta.py",
        "function": "show",
        "lines": 439,
        "start_line": 101
      },
      {
        "file": "C:\\Projects\\Tuokit\\pages\\smalltalk_refactorer.py",
        "function": "show",
        "lines": 391,
        "start_line": 142
      },
      {
        "file": "C:\\Projects\\Tuokit\\pages\\smalltalk_ruby_converter.py",
        "function": "show",
        "lines": 342,
        "start_line": 111
      },
      {
        "file": "C:\\Projects\\Tuokit\\pages\\smalltalk_ruby_converter.py",
        "function": "convert_code",
        "lines": 58,
        "start_line": 20
      },
      {
        "file": "C:\\Projects\\Tuokit\\pages\\smalltalk_snippets.py",
        "function": "show",
        "lines": 468,
        "start_line": 167
      },
      {
        "file": "C:\\Projects\\Tuokit\\pages\\smalltalk_snippets.py",
        "function": "__init__",
        "lines": 57,
        "start_line": 16
      },
      {
        "file": "C:\\Projects\\Tuokit\\pages\\sql_generator.py",
        "function": "generate_sql",
        "lines": 55,
        "start_line": 112
      },
      {
        "file": "C:\\Projects\\Tuokit\\pages\\sql_generator.py",
        "function": "show",
        "lines": 385,
        "start_line": 298
      },
      {
        "file": "C:\\Projects\\Tuokit\\pages\\sql_optimizer.py",
        "function": "display_results",
        "lines": 121,
        "start_line": 322
      },
      {
        "file": "C:\\Projects\\Tuokit\\pages\\sql_optimizer.py",
        "function": "show",
        "lines": 236,
        "start_line": 470
      },
      {
        "file": "C:\\Projects\\Tuokit\\pages\\sql_pipeline.py",
        "function": "show",
        "lines": 825,
        "start_line": 298
      },
      {
        "file": "C:\\Projects\\Tuokit\\pages\\study_guide_generator.py",
        "function": "parse_study_materials",
        "lines": 83,
        "start_line": 78
      },
      {
        "file": "C:\\Projects\\Tuokit\\pages\\study_guide_generator.py",
        "function": "main",
        "lines": 301,
        "start_line": 164
      },
      {
        "file": "C:\\Projects\\Tuokit\\pages\\view_components.py",
        "function": "show",
        "lines": 214,
        "start_line": 29
      },
      {
        "file": "C:\\Projects\\Tuokit\\tests\\test_enhanced_tools.py",
        "function": "test_enhanced_features",
        "lines": 159,
        "start_line": 13
      },
      {
        "file": "C:\\Projects\\Tuokit\\tests\\test_new_smalltalk_tools.py",
        "function": "test_new_smalltalk_tools",
        "lines": 130,
        "start_line": 12
      },
      {
        "file": "C:\\Projects\\Tuokit\\tests\\test_new_smalltalk_tools.py",
        "function": "test_tool_features",
        "lines": 56,
        "start_line": 144
      },
      {
        "file": "C:\\Projects\\Tuokit\\tools\\code_fix_engine.py",
        "function": "remove_unused_imports",
        "lines": 57,
        "start_line": 56
      },
      {
        "file": "C:\\Projects\\Tuokit\\tools\\code_health_scanner.py",
        "function": "main",
        "lines": 150,
        "start_line": 184
      },
      {
        "file": "C:\\Projects\\Tuokit\\tools\\code_health_scanner.py",
        "function": "analyze_code_structure",
        "lines": 69,
        "start_line": 71
      },
      {
        "file": "C:\\Projects\\Tuokit\\tools\\deep_code_analyzer.py",
        "function": "find_code_smells",
        "lines": 55,
        "start_line": 111
      },
      {
        "file": "C:\\Projects\\Tuokit\\tools\\integrated_code_scanner.py",
        "function": "main",
        "lines": 323,
        "start_line": 61
      },
      {
        "file": "C:\\Projects\\Tuokit\\tools\\standalone_scanner.py",
        "function": "analyze_file",
        "lines": 66,
        "start_line": 96
      },
      {
        "file": "C:\\Projects\\Tuokit\\utils\\file_handler.py",
        "function": "extract_text_from_url",
        "lines": 51,
        "start_line": 104
      },
      {
        "file": "C:\\Projects\\Tuokit\\utils\\knowledge_graph.py",
        "function": "default_concepts",
        "lines": 183,
        "start_line": 24
      },
      {
        "file": "C:\\Projects\\Tuokit\\utils\\knowledge_graph.py",
        "function": "visualize_graph",
        "lines": 71,
        "start_line": 237
      },
      {
        "file": "C:\\Projects\\Tuokit\\utils\\system.py",
        "function": "_get_system_stats_native",
        "lines": 55,
        "start_line": 37
      }
    ],
    "god_objects": []
  }
}